[{"id":"user-image-3661391.png","publicUrl":"np://user.desktop.nicepage.com/Site_425308658/images/3661391.png","size":2514,"hash":"KsjXIiug10prOj+p4pDP8LQ7mpI=","fileName":"3661391.png","name":"3661391","width":128,"height":128,"thumbnail":{"url":"np://user.desktop.nicepage.com/Site_425308658/images/thumbnails/3661391.png","width":128,"height":128,"length":2514,"type":"png"},"folderId":null,"usages":["106141927"]},{"id":"user-image-WhatsAppImage2023-07-15at11.25.50PM.jpeg","publicUrl":"np://user.desktop.nicepage.com/Site_425308658/images/WhatsAppImage2023-07-15at11.25.50PM.jpeg","size":39385,"hash":"LQiPpW3jpVr0SsmrJIaIDZZKAv0=","fileName":"WhatsAppImage2023-07-15at11.25.50PM.jpeg","name":"WhatsAppImage2023-07-15at11.25.50PM","width":983,"height":703,"thumbnail":{"url":"np://user.desktop.nicepage.com/Site_425308658/images/thumbnails/WhatsAppImage2023-07-15at11.25.50PM.jpeg","width":250,"height":179},"folderId":null,"usages":["106141927"]},{"id":"user-image-WhatsAppImage2023-07-15at11.25.27PM.jpeg","publicUrl":"np://user.desktop.nicepage.com/Site_425308658/images/WhatsAppImage2023-07-15at11.25.27PM.jpeg","size":58569,"hash":"Sg00ei1cVgZPJoMszPCOlAXuaPE=","fileName":"WhatsAppImage2023-07-15at11.25.27PM.jpeg","name":"WhatsAppImage2023-07-15at11.25.27PM","width":1023,"height":797,"thumbnail":{"url":"np://user.desktop.nicepage.com/Site_425308658/images/thumbnails/WhatsAppImage2023-07-15at11.25.27PM.jpeg","width":250,"height":195},"folderId":null,"usages":["106141927"]},{"id":"user-image-graduation.png","publicUrl":"np://user.desktop.nicepage.com/Site_425308658/images/graduation.png","size":40673,"hash":"2sz26rFDzTg06fiqsf7cDhVplS0=","fileName":"graduation.png","name":"graduation","width":512,"height":512,"thumbnail":{"url":"np://user.desktop.nicepage.com/Site_425308658/images/thumbnails/graduation.png","width":250,"height":250},"folderId":null,"usages":["106141927"]},{"id":"user-image-monitoring.png","publicUrl":"np://user.desktop.nicepage.com/Site_425308658/images/monitoring.png","size":53293,"hash":"kZwniowOsAet+EQ5O1/pBUqljAg=","fileName":"monitoring.png","name":"monitoring","width":512,"height":512,"thumbnail":{"url":"np://user.desktop.nicepage.com/Site_425308658/images/thumbnails/monitoring.png","width":250,"height":250},"folderId":null,"usages":["106141927"]},{"id":"user-image-image1.png","publicUrl":"np://user.desktop.nicepage.com/Site_425308658/images/image1.png","size":149910,"hash":"AZrXvNVzhfFjLriv/gqjxx1KflA=","fileName":"image1.png","name":"image1","width":412,"height":385,"thumbnail":{"url":"np://user.desktop.nicepage.com/Site_425308658/images/thumbnails/image1.png","width":250,"height":234},"folderId":null,"usages":["106141927"]},{"id":"user-image-image.png","publicUrl":"np://user.desktop.nicepage.com/Site_425308658/images/image.png","size":61960,"hash":"vIcAVGhWPG7fwho2WD8PCk2L7As=","fileName":"image.png","name":"image","width":561,"height":315,"thumbnail":{"url":"np://user.desktop.nicepage.com/Site_425308658/images/thumbnails/image.png","width":250,"height":140},"folderId":null,"usages":["106141927"]},{"id":"user-image-Java_programming_language_logo.svg.png","publicUrl":"np://user.desktop.nicepage.com/Site_425308658/images/Java_programming_language_logo.svg.png","size":118587,"hash":"p5tuak16fMYjj5mCEjrll/JdWHY=","fileName":"Java_programming_language_logo.svg.png","name":"Java_programming_language_logo.svg","width":1200,"height":2195,"thumbnail":{"url":"np://user.desktop.nicepage.com/Site_425308658/images/thumbnails/Java_programming_language_logo.svg.png","width":137,"height":250},"folderId":null,"usages":["106141927"]},{"id":"user-image-Bestreads_PythonprogrammingTheMagPimagazine.png","publicUrl":"np://user.desktop.nicepage.com/Site_425308658/images/Bestreads_PythonprogrammingTheMagPimagazine.png","size":65287,"hash":"KnBV5C9eomL4QLZ1/Rjp9bAs98Q=","fileName":"Bestreads_PythonprogrammingTheMagPimagazine.png","name":"Bestreads_PythonprogrammingTheMagPimagazine","width":1024,"height":1024,"thumbnail":{"url":"np://user.desktop.nicepage.com/Site_425308658/images/thumbnails/Bestreads_PythonprogrammingTheMagPimagazine.png","width":250,"height":250},"folderId":null,"usages":["106141927"]},{"id":"user-image-WhatsAppImage2023-07-15at7.01.43PM1.jpeg","publicUrl":"np://user.desktop.nicepage.com/Site_425308658/images/WhatsAppImage2023-07-15at7.01.43PM1.jpeg","size":211651,"hash":"BQyBpUXe9jmafER+nsdAPDGJJ8k=","fileName":"WhatsAppImage2023-07-15at7.01.43PM1.jpeg","name":"WhatsAppImage2023-07-15at7.01.43PM1","width":1000,"height":840,"thumbnail":{"url":"np://user.desktop.nicepage.com/Site_425308658/images/thumbnails/WhatsAppImage2023-07-15at7.01.43PM1.jpeg","width":250,"height":210},"folderId":null,"usages":["106141927"]},{"id":"user-image-3536569.png","publicUrl":"np://user.desktop.nicepage.com/Site_425308658/images/3536569.png","size":1865,"hash":"3UeGYKI3wwBq/Q+2ngpdDORNbQk=","fileName":"3536569.png","name":"3536569","width":128,"height":128,"thumbnail":{"url":"np://user.desktop.nicepage.com/Site_425308658/images/thumbnails/3536569.png","width":128,"height":128,"length":1865,"type":"png"},"folderId":null,"usages":["106141927"]},{"id":"user-image-24770152_101.png","publicUrl":"np://user.desktop.nicepage.com/Site_425308658/images/24770152_101.png","size":714369,"hash":"y6yTfm3/EIgJAAnw7/MeX9Pev7o=","fileName":"24770152_101.png","name":"24770152_101","width":1000,"height":1529,"thumbnail":{"url":"np://user.desktop.nicepage.com/Site_425308658/images/thumbnails/24770152_101.png","width":164,"height":250},"folderId":null,"originalUrl":"https://assets.nicepagecdn.com/11a8ddce/4584696/images/24770152_101.png","usages":["106141927"]},{"id":"user-image-152851.png","publicUrl":"np://user.desktop.nicepage.com/Site_425308658/images/152851.png","size":3108,"hash":"MV4Ijy8tQ8weh2RYRZc1RuZo2rU=","fileName":"152851.png","name":"152851","width":128,"height":128,"thumbnail":{"url":"np://user.desktop.nicepage.com/Site_425308658/images/thumbnails/152851.png","width":128,"height":128,"length":3108,"type":"png"},"folderId":null,"usages":["106141927"]},{"id":"user-image-3178158.png","publicUrl":"np://user.desktop.nicepage.com/Site_425308658/images/3178158.png","size":2951,"hash":"gzka2x1pOoaq7MAm1BlRMqlMP5g=","fileName":"3178158.png","name":"3178158","width":128,"height":128,"thumbnail":{"url":"np://user.desktop.nicepage.com/Site_425308658/images/thumbnails/3178158.png","width":128,"height":128,"length":2951,"type":"png"},"folderId":null,"usages":["106141927"]},{"id":"user-image-3074058.png","publicUrl":"np://user.desktop.nicepage.com/Site_425308658/images/3074058.png","size":2461,"hash":"AyPlP24x8OQ1sFs9ml5TsH4Hq/E=","fileName":"3074058.png","name":"3074058","width":128,"height":128,"thumbnail":{"url":"np://user.desktop.nicepage.com/Site_425308658/images/thumbnails/3074058.png","width":128,"height":128,"length":2461,"type":"png"},"folderId":null,"usages":["106141927"]},{"id":"user-image-1940690.png","publicUrl":"np://user.desktop.nicepage.com/Site_425308658/images/1940690.png","size":2443,"hash":"0fIT0XGpzp2R8Q82IO4SIPMBrKI=","fileName":"1940690.png","name":"1940690","width":128,"height":128,"thumbnail":{"url":"np://user.desktop.nicepage.com/Site_425308658/images/thumbnails/1940690.png","width":128,"height":128,"length":2443,"type":"png"},"folderId":null,"usages":["106141927"]}]